,INFY,YESBANK,SUNPHARMA,MARUTI,KOTAKBANK,INDUSINDBK,AXISBANK,RELIANCE,TCS,LT,SBIN,HDFC,ICICIBANK,TATASTEEL,HDFCBANK,ITC,TATAMOTORS,VEDL,HINDUNILVR,ADANIPORTS,M&M,BHARTIARTL,BAJAJ-AUTO,ASIANPAINT,WIPRO,HEROMOTOCO,NTPC,COALINDIA,ONGC,POWERGRID,TATAMTRDVR
0,491.3638,307.24969500000003,527.2597049999999,9145.289063,1023.0279539999999,1667.764282,548.25,913.76355,1269.2651369999999,1199.5273439999999,318.899994,1700.6934809999998,305.432312,659.616028,1866.022705,258.169281,405.5,287.370697,1321.4790039999998,402.26577799999995,755.288391,522.758179,3162.379395,1131.387085,294.340271,3399.3454590000006,171.692841,253.08273300000002,179.105255,195.063049,226.149994
1,486.25830099999996,307.495728,526.462097,9633.058594,1019.4797359999999,1659.28064,552.849976,918.335327,1268.30957,1201.946411,319.450012,1692.37854,310.129791,664.8582150000001,1873.177002,259.64117400000003,419.25,294.539856,1337.6073,403.80798300000004,770.985901,532.942139,3253.0158690000003,1131.33728,291.200531,3559.11499,174.60124199999998,252.65786699999998,181.50640900000002,197.350479,232.5
2,490.37176500000004,306.659058,525.56488,9567.37793,1012.4833369999999,1655.460449,554.900024,913.1175539999999,1274.682983,1214.634399,317.25,1675.748779,312.157074,657.603943,1856.1856690000002,258.365509,421.950012,295.889862,1351.155151,402.71350099999995,764.687073,525.1923830000001,3234.643799,1128.998413,295.68591299999997,3601.2836909999996,173.098557,254.54620400000002,184.152557,197.64248700000002,237.69999700000002
3,494.36422699999997,305.42871099999996,527.010437,9460.775391,1010.7841800000001,1646.629395,549.400024,907.4524539999999,1277.6875,1237.986084,316.549988,1684.905029,311.267029,669.725098,1856.284912,258.07113599999997,420.25,294.865723,1338.252441,401.420074,736.119141,520.5723879999999,3219.358154,1131.735474,296.682648,3667.1362299999996,174.649704,253.035538,184.250565,198.27516200000002,237.80000299999998
4,502.518555,305.182617,528.904785,9530.631836,1007.9856570000001,1636.0620119999999,553.5,912.86908,1300.196411,1250.67395,319.850006,1691.042236,312.898773,665.139099,1865.426514,258.414581,421.89999400000005,294.493286,1341.527832,400.42511,740.037354,525.689148,3259.434082,1131.138306,300.12146,3644.94458,174.310394,251.147202,189.542847,197.788483,240.399994
5,500.558594,310.497864,538.824829,9501.746094,1014.232422,1649.258911,554.349976,922.310852,1301.67395,1253.586792,316.850006,1691.784546,313.986603,675.248291,1853.850464,259.05239900000004,423.60000599999995,299.427917,1337.8554689999999,402.16629,735.3256230000001,539.300842,3295.149658,1144.226318,302.264465,3662.9479979999996,172.322983,248.928421,189.934875,196.91246,241.850006
6,500.41345199999995,310.251801,575.9628299999999,9478.459961,1012.783142,1638.939575,554.549988,916.6457519999999,1290.966309,1242.725464,314.149994,1690.695801,309.190247,675.622559,1846.050293,257.433319,422.5,303.664215,1344.306763,401.51953100000003,740.979675,530.557556,3268.252686,1143.03186,304.357635,3638.590332,172.177582,247.88983199999998,188.709808,195.939087,240.30000299999998
7,500.389221,308.578461,566.192322,9462.101563,1004.087585,1637.203125,547.400024,918.73291,1294.8082279999999,1237.442993,308.299988,1677.33252,310.772552,687.6503299999999,1862.7436519999999,256.402985,418.399994,309.576416,1347.185059,396.743713,744.2530519999999,527.626587,3234.9377440000003,1139.200073,306.550476,3575.192871,170.384048,248.267517,189.150848,193.700333,237.69999700000002
8,502.954102,310.104156,569.083557,9561.1875,1008.585327,1637.451172,562.400024,915.403442,1330.044067,1241.096313,309.5,1693.0715329999998,310.52533,685.591187,1861.650757,258.169281,431.200012,307.016022,1357.854614,402.614014,744.9970089999999,525.987244,3256.2495120000003,1152.4373779999999,312.38147000000004,3645.281494,171.78978,248.31471299999998,190.767929,195.014404,244.80000299999998
9,500.655396,308.28320299999996,571.8751219999999,9496.44043,1001.13916,1613.637329,564.849976,905.9616699999999,1307.505615,1245.885132,307.049988,1670.254883,307.113495,677.400757,1845.205811,258.02209500000004,425.39999400000005,303.431458,1337.160767,398.385406,739.49176,524.7453,3227.049805,1141.091187,316.71731600000004,3628.4331049999996,171.014206,251.572098,188.562805,194.965729,242.649994
10,498.211517,306.757538,569.7814940000001,9378.243164,1002.0886230000001,1630.9023439999999,559.700012,905.812622,1297.221436,1233.345337,302.899994,1684.80603,305.827881,682.455322,1860.80603,256.05957,438.85000599999995,304.92114300000003,1329.419067,394.803497,746.4353639999999,512.97168,3227.784668,1137.458374,317.863586,3607.8781740000004,173.29245,255.254318,193.022064,195.20906100000002,252.94999700000002
11,493.178558,310.842346,567.538208,9252.088867,999.539917,1617.6560060000002,560.349976,910.732239,1297.930786,1260.054199,302.850006,1683.667847,311.563721,686.387024,1840.883423,256.108612,433.200012,309.622955,1339.98938,405.797913,748.568054,515.107849,3182.025635,1135.716553,309.19189500000005,3611.7292479999996,171.595886,257.09542799999997,189.83686799999998,196.42576599999998,254.850006
12,491.33963,312.121979,579.25293,9218.192383,999.7897949999999,1633.53186,559.299988,914.6083369999999,1305.121826,1298.809082,308.049988,1688.2210690000002,311.316467,712.0802610000001,1845.503906,255.76518199999998,429.700012,315.81451400000003,1341.924805,407.19088700000003,748.915222,519.0820309999999,3197.017334,1166.52063,310.48764,3599.2617189999996,171.595886,262.2883,195.374207,195.111725,254.649994
13,489.791016,327.821564,577.0096440000001,9269.085938,1002.538391,1685.326904,563.099976,917.341492,1322.1832279999999,1297.92041,306.200012,1708.4638670000002,309.140808,721.019287,1848.633789,257.973022,430.799988,315.86105299999997,1346.341431,422.314392,750.204712,536.518921,3211.519287,1178.165405,308.743317,3600.031982,171.935196,263.185272,193.757095,195.54972800000002,253.75
14,501.18771399999997,328.16607700000003,590.169983,9283.970703,1005.986633,1704.874146,565.349976,922.758057,1333.669067,1321.2227779999998,305.649994,1721.2827149999998,310.673676,719.7559200000001,1847.88855,260.377106,433.700012,316.23349,1357.110229,422.0159,753.676514,512.772949,3209.36377,1177.518433,310.03909300000004,3649.180664,172.03215,271.777161,193.218063,195.647064,254.649994
15,503.921967,335.745209,585.085266,9222.613281,1005.8366699999999,1709.8850100000002,565.150024,935.131775,1334.00415,1315.989624,304.25,1717.966675,308.69580099999996,722.8917849999999,1851.714233,265.43060299999996,436.549988,314.185181,1353.1401369999999,417.240051,754.370911,506.71227999999996,3175.6564940000003,1186.2769779999999,316.56781,3612.1145020000004,170.771835,287.072571,192.973053,195.355072,256.549988
16,508.90646399999997,334.416382,583.888916,9220.05957,1001.239075,1721.2957760000002,562.549988,935.7280880000001,1382.5976560000001,1307.152466,301.049988,1707.869995,308.54745499999996,722.470337,1850.6707760000002,264.253052,432.5,311.717834,1356.316284,421.61792,752.139038,503.085815,3140.7739260000003,1171.845337,324.990356,3593.196533,168.63900800000002,290.896454,193.414078,194.138351,254.149994
17,520.520935,337.221649,586.630676,9178.155273,1017.3308109999999,1685.426147,558.25,931.4544070000001,1373.387207,1303.647339,302.0,1723.163574,306.025665,722.236572,1858.222534,264.841827,434.450012,310.879913,1368.672974,422.91137699999996,758.7354740000001,511.431671,3137.491211,1183.241333,320.006592,3567.972168,167.814957,290.707611,193.80609099999998,192.970306,254.350006
18,521.8759769999999,335.30224599999997,582.493103,9294.876953,1018.880066,1692.2725829999997,555.75,940.9458619999999,1365.752808,1312.434937,301.799988,1743.40625,314.08547999999996,721.7217410000001,1853.800903,262.48681600000003,436.14999400000005,315.25588999999997,1362.420044,421.02093499999995,759.9257200000001,506.11615,3111.1333010000003,1184.0375980000001,317.714081,3548.524414,166.74855,290.802032,196.256241,191.266922,252.5
19,522.8438110000001,330.676086,574.6667480000001,9192.84375,1038.619995,1668.45874,560.700012,941.790649,1353.094727,1306.411987,302.25,1851.005005,325.804382,733.094299,1882.616699,262.241486,431.75,315.581757,1356.862061,418.384277,752.982117,500.850342,3099.571045,1196.03064,315.42157000000003,3492.636475,167.03938300000002,288.39444,192.63003500000002,193.846344,246.19999700000002
20,543.411072,328.65820299999996,576.361572,9157.521484,1032.073364,1651.739502,558.75,917.83844,1404.151001,1306.560059,296.149994,1829.9702149999998,330.45233199999996,717.2753299999999,1891.609131,256.844574,421.799988,307.06256099999996,1370.955811,420.622955,742.4180299999999,493.69674699999996,3096.337402,1184.7342529999999,330.82135,3460.961914,167.330231,275.223358,193.16906699999998,190.634232,243.55000299999998
21,557.614563,337.12323,581.595825,9149.169922,1026.676025,1644.148926,584.75,918.9813839999999,1423.153076,1335.194336,306.350006,1841.106323,339.30334500000004,724.717163,1879.089111,260.916779,422.75,310.973022,1361.576538,430.871124,739.04541,497.12451200000004,3120.73584,1188.516357,324.691345,3433.234375,168.008865,275.034515,191.747971,191.753601,245.19999700000002
22,557.856567,334.908539,574.517212,9195.348633,1044.866821,1666.474365,583.700012,913.664124,1433.328979,1341.661743,302.75,1877.781006,342.270111,703.750305,1919.530762,267.736542,418.799988,303.431458,1347.4332279999999,412.265228,752.585388,491.312225,3131.02417,1184.137085,324.990356,3458.4106450000004,167.233292,267.292389,190.179901,191.948273,242.80000299999998
23,553.259155,342.832153,570.2799679999999,9158.357422,1059.409302,1670.244873,590.25,923.652527,1455.325562,1354.645752,309.049988,1881.195923,349.63766499999997,703.562683,1938.807373,268.717804,418.950012,308.459137,1352.346191,431.567596,757.74353,494.54125999999997,3143.419434,1187.7698970000001,327.382568,3457.014648,167.08786,268.56701699999996,189.738876,190.78024299999998,243.94999700000002
24,556.670959,349.673065,574.567017,9143.914063,1070.7536619999998,1669.947144,611.049988,965.245972,1540.6329349999999,1381.305298,306.25,1855.1625980000001,347.41256699999997,703.9841309999999,1951.327515,268.227173,421.549988,304.083191,1346.986572,435.497742,753.726074,486.543182,3206.1791989999997,1171.148682,319.75741600000003,3468.615967,167.08786,268.472595,195.962234,189.80687,238.94999700000002
25,568.7208860000001,353.216553,576.361572,9232.68457,1073.752075,1709.53772,618.900024,975.681641,1535.664429,1391.771606,318.0,1862.685425,358.04361,730.146057,1938.90686,271.121887,418.049988,319.25939900000003,1356.613892,435.248993,762.306396,487.735413,3227.931885,1162.19104,314.075958,3488.1599119999996,167.281769,276.639587,203.018631,190.78024299999998,238.149994
26,573.536072,359.07312,584.337524,9262.896484,1080.148804,1704.874146,607.900024,958.636719,1571.048462,1382.737061,329.5,1888.619995,348.74765,714.560913,1947.253418,276.224426,403.600006,316.605896,1355.770264,445.94491600000003,750.1551509999999,455.991394,3268.399902,1145.520142,312.730316,3504.911865,168.445114,278.575104,206.301819,190.78024299999998,230.94999700000002
27,566.5916139999999,357.79354900000004,578.953796,9114.979492,1090.893311,1715.590454,613.75,958.636719,1542.9689939999998,1395.1286619999998,313.149994,1883.27478,354.33511400000003,719.803101,1957.73645,275.586639,400.200012,321.68017599999996,1360.931274,435.398224,749.361572,449.68234299999995,3236.652344,1144.325806,310.936188,3436.6523439999996,166.457703,282.918274,204.09669499999998,188.784821,228.0
28,571.769714,351.93695099999997,585.284668,9466.03125,1112.9321289999998,1727.24939,605.400024,957.8913570000001,1581.1936039999998,1410.2851560000001,311.100006,1933.474243,353.34619100000003,732.672791,1986.850464,270.48407000000003,399.299988,321.959473,1386.786255,434.353516,757.594666,437.709991,3294.365967,1149.053467,310.936188,3504.43042,165.779068,283.76800499999996,200.862503,188.979492,226.05000299999998
29,566.059204,347.901337,589.521912,9402.461914,1088.994385,1723.230591,593.400024,943.430542,1560.705444,1411.074951,312.850006,1913.6767579999998,348.69818100000003,725.933411,1986.1547850000002,270.238739,396.200012,316.885223,1388.969727,426.344025,757.2971190000001,440.10000599999995,3283.881348,1123.5742189999999,306.700012,3551.124023,164.858078,288.63046299999996,199.735458,189.563522,224.850006
30,556.840271,348.885651,577.607849,9347.786133,1109.18396,1740.5454100000002,593.400024,955.257629,1539.950195,1398.732666,312.75,1935.899414,349.044312,692.656799,1993.6071780000002,266.166534,399.25,316.09381099999996,1359.393066,426.29428099999996,757.2971190000001,439.64999400000005,3271.5354,1125.714111,304.649994,3554.108398,165.051971,281.92691,199.294418,188.346817,224.350006
31,553.864075,353.51181,554.5773320000001,9238.530273,1119.728638,1783.06311,590.200012,938.312073,1553.3811039999998,1437.438354,305.549988,1947.629517,341.923981,684.060608,1979.596802,270.189697,394.649994,317.583527,1361.0802,426.19476299999997,790.9238889999999,438.049988,3340.811035,1147.013062,301.25,3595.3142090000006,163.840149,279.283234,191.208969,189.758194,221.80000299999998
32,552.509033,344.505493,549.492676,8842.919922,1086.895264,1741.984131,564.950012,900.1475220000001,1558.448608,1396.560425,296.899994,1884.030029,331.095154,657.928162,1936.422729,270.140625,384.049988,310.833344,1362.420044,415.34963999999997,762.306396,421.799988,3177.2734379999997,1132.929932,300.5,3488.6892090000006,160.05921899999998,275.837036,188.611801,187.373459,213.94999700000002
33,550.863708,338.69809,555.424744,8929.775391,1061.708252,1700.954834,566.099976,898.9052119999999,1537.347046,1345.56189,297.700012,1807.4630129999998,327.980011,652.868652,1901.7940670000003,274.016602,396.049988,306.224609,1348.177612,407.04162599999995,754.569275,439.5,3113.778809,1128.998413,298.549988,3498.701904,161.22258,278.575104,185.083618,191.266922,218.80000299999998
34,536.418213,333.235229,550.240417,8827.348633,1033.022949,1661.612305,564.099976,887.276917,1482.346069,1336.922241,291.5,1770.7882079999997,327.089996,653.261658,1885.398804,268.570618,374.450012,299.474457,1318.3029789999998,402.86276200000003,748.270447,438.75,3074.9765629999997,1105.6092529999999,294.899994,3410.7060549999997,160.25311299999998,274.42080699999997,181.947418,189.80687,208.5
35,536.563416,327.96923799999996,547.0500490000001,8763.927734,1034.4221189999998,1650.201538,558.700012,888.519287,1462.5507810000001,1315.841553,292.75,1766.828613,328.573364,648.938965,1859.514282,269.600952,377.5,293.60879500000004,1303.663452,404.703461,741.0788570000001,429.85000599999995,3074.094727,1115.711426,289.450012,3431.5498049999997,162.451324,281.218781,186.01466399999998,190.68289199999998,210.649994
36,549.04895,329.790161,581.645691,8869.202148,1049.4644779999999,1656.799927,568.5,898.060364,1467.934937,1330.257324,301.450012,1793.3573,330.8479,659.549133,1868.109375,268.521545,374.850006,291.932892,1322.372314,402.96225,747.675293,429.5,3088.8903809999997,1118.6972660000001,289.600006,3451.719482,161.31771899999998,283.34314,184.789597,190.781464,211.5
37,538.039429,320.439301,580.897949,8790.011719,1032.073364,1638.592285,557.5,892.445068,1470.934082,1312.58313,296.399994,1755.24707,323.134247,671.632996,1840.8337399999998,266.215576,369.200012,294.213989,1325.399536,397.539673,743.905945,421.75,3040.97583,1126.21167,285.0,3413.9794920000004,160.87413,283.673615,184.005539,190.436462,207.75
38,534.167908,329.691772,587.577759,8946.870117,1042.268188,1673.370361,562.799988,909.0923460000001,1468.75647,1334.0095210000002,288.5,1787.121094,322.392548,699.97583,1864.6315920000002,264.792786,372.450012,292.77087400000005,1336.217896,401.569305,740.682129,424.049988,3080.0229489999997,1140.046021,287.899994,3484.549561,162.402039,283.43756099999996,187.043716,195.217102,208.600006
39,531.385315,315.17330899999996,572.7225950000001,8852.451172,1044.217163,1678.778198,543.950012,926.683899,1440.320679,1340.575562,276.799988,1795.436157,315.024963,695.898743,1872.38208,261.750854,376.850006,293.795013,1340.436035,409.82754500000004,740.434143,434.200012,3048.177734,1135.268799,293.0,3465.775635,160.479828,290.424377,182.143448,192.654282,212.25
40,539.176636,314.92724599999997,575.51416,8863.061523,1040.3691410000001,1673.1719970000001,543.75,928.3237300000001,1447.9022220000002,1333.12085,278.850006,1811.472046,324.963776,687.5481570000001,1869.3017579999998,263.27182,376.149994,301.941742,1349.3686519999999,409.330048,744.501038,428.299988,3077.3283690000003,1131.33728,291.549988,3454.33667,160.5784,290.188324,184.642563,195.463516,212.44999700000002
41,544.354736,307.003601,573.470337,8685.423828,1051.213623,1646.034058,537.75,916.0494380000001,1453.563721,1311.200806,271.75,1797.7128910000001,317.44787599999995,676.201233,1867.811279,261.35836800000004,370.549988,297.100281,1342.3217769999999,402.36526499999997,737.755859,419.450012,3040.436768,1138.304321,290.700012,3415.180176,160.184113,286.081207,182.878479,192.851425,208.699997
42,546.847046,307.692627,561.157471,8587.320313,1055.961182,1619.044922,539.450012,920.174011,1447.3084720000002,1280.3942869999998,267.649994,1792.961426,316.2117,636.855225,1862.843018,258.61084,367.75,298.077881,1325.647583,391.42062400000003,721.240051,414.149994,2978.608154,1117.154541,290.049988,3382.9650880000004,160.67698700000003,287.639069,181.261383,191.175735,204.300003
43,549.121521,304.444427,557.717896,8572.237305,1044.467041,1615.4730220000001,531.700012,913.76355,1457.453491,1274.173706,269.649994,1790.83313,314.134918,639.311279,1851.863159,257.87487799999997,368.899994,305.619446,1323.960327,393.112061,703.33551,417.649994,2988.2104489999997,1121.3845210000002,291.350006,3406.1850590000004,161.41629,292.92639199999996,183.270508,192.26001000000002,205.300003
44,555.8966059999999,307.24969500000003,523.172058,8626.276367,1054.212036,1582.927368,535.200012,922.6586300000001,1505.951782,1266.965942,273.100006,1805.631714,315.766663,629.290527,1847.5407710000002,263.026489,364.350006,304.92114300000003,1320.43689,393.559784,702.7403559999999,419.350006,2947.644775,1120.23999,292.25,3412.540283,159.937668,293.5401,186.308685,191.816452,204.050003
45,561.607056,311.432953,540.519775,8499.139648,1072.102905,1611.851196,530.0,918.235962,1504.635376,1274.963745,272.600006,1799.346191,314.481079,626.638,1843.168701,262.143372,358.549988,305.619446,1315.226318,402.066803,715.090088,416.049988,2911.14502,1111.083374,292.399994,3404.669922,158.212616,294.625885,182.48645,188.218658,202.449997
46,559.259949,318.519928,568.485413,8553.079102,1079.299194,1630.158203,536.549988,928.274048,1522.698486,1285.923706,276.100006,1805.582275,317.74453700000004,665.885803,1867.8609620000002,264.007751,360.450012,314.23172,1313.092285,403.957214,713.50293,425.450012,2927.802734,1096.701538,294.149994,3420.605957,160.479828,293.209625,186.210678,190.485748,203.850006
47,552.194519,320.291656,554.477661,8844.394531,1104.986206,1678.133179,552.299988,932.845825,1502.081909,1322.3088380000002,274.75,1824.092896,323.3815,668.292725,1897.8194579999997,261.554596,372.049988,318.933533,1323.6625980000001,412.81243900000004,729.721191,422.299988,2946.615723,1101.0310060000002,291.899994,3461.376221,160.67698700000003,296.655853,186.94570900000002,192.900711,209.300003
48,555.7030639999999,321.915741,543.261475,8736.46582,1092.092773,1671.534668,537.5,944.1262820000001,1506.0407710000002,1320.926636,267.799988,1808.9478760000002,316.112823,660.040344,1892.15564,261.211182,372.850006,316.18692000000004,1333.38916,408.733063,733.49054,431.049988,2972.729004,1104.9624019999999,292.399994,3507.914063,163.141357,293.304047,184.642563,195.069229,208.949997
49,568.261169,317.191101,533.740173,8717.994141,1088.194702,1666.821655,529.599976,946.610962,1503.5664060000001,1302.4624019999999,268.75,1796.3764649999998,310.030853,659.893005,1871.835571,260.131805,370.200012,306.736725,1306.4920650000001,406.195892,722.87677,427.35000599999995,2957.982178,1113.571533,292.799988,3520.233154,160.923416,292.26547200000005,184.740585,195.611374,207.300003
50,561.486084,315.714661,532.8927,8720.892578,1095.590942,1684.08667,526.099976,941.890076,1503.002441,1296.636841,262.549988,1794.297729,301.872162,663.429749,1865.823975,258.659912,370.850006,300.917603,1315.722534,403.459747,727.092529,426.75,2964.057129,1114.317993,292.0,3499.60376,160.67698700000003,295.333984,185.769638,194.57638500000002,207.850006
51,558.02594,308.430847,546.202576,8645.583008,1098.3396,1673.668091,523.650024,918.5341189999999,1536.258301,1285.331299,263.799988,1772.371948,299.745972,643.830383,1860.160278,255.372681,352.149994,293.376038,1290.760864,402.16629,732.994568,421.200012,2882.827393,1099.090332,290.549988,3478.241455,160.923416,288.44162,181.800415,194.132828,199.699997
52,555.001343,308.08633399999997,530.101135,8467.945313,1081.548096,1693.860229,516.799988,905.3156740000001,1509.2873539999998,1268.002563,256.5,1744.2100829999997,291.834473,648.8898929999999,1840.187744,251.692963,346.600006,292.677734,1283.5155029999999,401.76828,714.544434,413.850006,2841.477539,1097.547607,286.149994,3490.266846,160.726273,289.338593,181.555405,190.978607,195.699997
53,553.041443,307.987885,523.520996,8527.239258,1084.7963869999999,1689.940918,512.799988,886.08429,1499.112549,1247.168701,246.649994,1744.012085,283.527435,636.6096190000001,1822.79895,254.342377,348.0,287.836243,1282.771118,375.550873,704.129089,403.399994,2851.814941,1102.7230220000001,285.200012,3482.640869,160.82484399999998,289.338593,177.341156,190.584335,194.800003
54,559.768066,302.96795699999996,513.850159,8580.392578,1080.548584,1682.6975100000002,520.150024,906.011353,1485.3845210000002,1267.064575,256.75,1779.301147,293.664001,624.034607,1839.690918,253.65547200000003,345.899994,287.137939,1283.713989,386.644775,721.388855,401.200012,2865.72876,1120.289673,285.0,3505.665283,162.944199,288.819275,176.55711399999998,192.309296,194.649994
55,563.0104980000001,298.686279,505.27600099999995,8512.944336,1084.396606,1684.880493,505.35000599999995,906.458618,1501.715698,1273.877563,253.149994,1800.039063,289.46106000000003,594.954895,1841.42981,254.538605,341.700012,282.575775,1290.860107,375.401611,723.075195,401.950012,2878.8588870000003,1122.4295650000001,285.200012,3506.985352,161.564148,287.68631,176.067078,192.062881,192.600006
56,573.874817,306.560669,510.909058,8657.176758,1100.038574,1720.105225,519.200012,923.652527,1510.306763,1293.329102,252.850006,1836.169434,297.372498,611.754333,1854.844116,264.939972,352.200012,295.098511,1314.630737,384.107605,731.258667,420.75,2900.415771,1125.614502,290.75,3603.581543,168.562973,281.17157000000003,179.987305,192.457153,197.199997
57,571.3099980000001,308.184784,521.327637,8600.436523,1083.996948,1717.574951,530.799988,924.8948359999999,1431.41272,1285.726196,254.899994,1844.3853760000002,300.635986,617.255859,1848.0874019999999,263.61526499999997,353.75,298.729614,1307.881592,382.814148,727.092529,425.89999400000005,2914.231689,1132.432251,295.549988,3618.735596,166.985764,278.29187,181.971725,192.654282,197.350006
58,571.1405639999999,313.893677,519.383484,8685.276367,1082.8474119999998,1719.8571780000002,535.549988,922.9071039999999,1428.2753910000001,1286.022339,257.0,1827.6071780000002,302.959991,609.5438839999999,1853.502686,262.879303,354.149994,297.19338999999997,1306.9884029999998,380.475952,722.827209,422.5,2889.441406,1131.237793,293.350006,3554.3544920000004,167.577225,277.158875,179.19354199999998,191.915009,198.050003
59,572.08429,307.495728,515.3457030000001,8678.448242,1087.045288,1728.836914,528.950012,906.6574099999999,1419.88208,1278.71582,254.100006,1811.571045,298.114227,600.652954,1868.1590579999997,260.573334,353.049988,294.77261400000003,1287.684082,380.17749,729.1259769999999,420.700012,2889.686523,1155.4729,293.25,3561.9316409999997,167.42936699999998,279.0,180.086533,191.865723,196.300003
60,567.414246,307.987885,501.78652999999997,8538.389648,1060.458862,1713.308228,523.450012,894.9794310000001,1398.2855220000001,1251.611938,252.600006,1772.668945,294.8013,589.94458,1845.702637,255.76518199999998,340.100006,288.487976,1289.3713380000002,369.183075,735.573608,418.200012,2853.529785,1120.1403810000002,295.75,3466.948975,162.9935,278.700012,176.018448,189.50006100000002,190.0
61,555.1465450000001,300.064301,496.402771,8624.164063,1050.813721,1707.553345,520.25,889.8112789999999,1399.948364,1263.559326,248.100006,1757.474243,291.735596,564.941895,1837.902466,254.440475,335.75,286.299988,1299.643799,362.019318,736.664795,400.799988,2796.306396,1097.298706,288.049988,3434.0493159999996,164.669266,271.700012,175.224701,191.372879,189.0
62,562.381348,297.308228,507.31985499999996,8644.551758,1045.06665,1703.137695,520.900024,884.096558,1414.9332279999999,1277.3826900000001,249.25,1781.775757,288.521545,582.8710940000001,1827.518799,253.900787,339.25,287.299988,1303.067993,367.342407,733.887268,400.149994,2815.658447,1101.329712,293.75,3434.880615,163.732803,270.350006,172.744171,192.210724,189.75
63,565.526917,295.881012,503.18234299999995,8721.924805,1051.163574,1718.071045,525.349976,890.854858,1412.686646,1291.897461,247.69999700000002,1800.434937,286.395325,572.113586,1845.851685,254.047974,333.899994,285.899994,1304.45752,362.069031,739.739746,418.600006,2796.110352,1098.642334,295.549988,3391.959961,167.77436799999998,271.200012,174.083649,191.471451,188.699997
64,560.784363,293.567902,506.42257699999993,8546.889648,1051.063599,1740.148438,518.299988,901.737732,1400.482788,1278.172729,241.600006,1793.690796,280.412262,570.345215,1856.434082,253.26298500000001,338.200012,291.149994,1302.422852,356.347961,723.918274,415.25,2784.792969,1102.125854,289.25,3377.783203,168.070099,269.0,177.308334,190.436462,190.649994
65,564.970398,282.19921899999997,500.291046,8460.919922,1038.470093,1736.625977,501.0,887.3762820000001,1393.80188,1251.760132,234.600006,1770.483032,272.748016,556.640442,1827.9162600000002,251.496704,331.100006,276.5,1290.016479,359.880127,727.340515,411.149994,2733.5466309999997,1102.424438,285.200012,3338.47998,167.72508200000001,269.25,175.869629,191.471451,186.649994
66,558.606689,298.194122,501.98596200000003,8619.15332,1039.069702,1746.746948,507.5,895.5260619999999,1392.1292720000001,1278.814575,246.350006,1817.543213,278.33554100000003,572.211853,1881.126221,253.115799,332.049988,283.149994,1310.611084,363.06402599999996,741.773254,421.64999400000005,2781.951416,1113.521851,273.899994,3403.350098,167.675797,272.899994,177.258728,191.865723,185.75
67,557.880798,298.637054,503.730682,8698.834961,1048.464966,1774.0335690000002,511.25,894.4328,1406.381836,1290.366943,253.850006,1806.980713,280.758423,579.678223,1881.175781,253.65547200000003,331.049988,286.899994,1322.52124,363.511749,738.747803,411.450012,2746.725586,1126.410767,272.549988,3388.538086,168.562973,275.399994,178.20134,193.294998,185.699997
68,548.976318,300.113495,493.910309,8708.169922,1048.065186,1781.67395,509.39999400000005,877.3879390000001,1410.063721,1295.3532710000002,250.100006,1809.410645,275.319275,560.864868,1879.43689,251.10420200000002,327.450012,278.299988,1325.895752,352.86557,734.2344969999999,398.899994,2693.519531,1115.412842,281.450012,3466.4111329999996,167.28149399999998,283.5,176.415344,191.077179,183.899994
69,550.4765629999999,301.393097,506.27300999999994,8851.517578,1096.840332,1791.695557,498.200012,887.227234,1436.589233,1319.149292,246.30000299999998,1822.9980469999998,259.001862,568.380371,1918.189209,253.802658,338.799988,282.5,1338.748779,368.138367,741.574829,394.450012,2752.01709,1143.728638,289.75,3559.438721,167.87294,277.799988,178.598206,191.915009,189.199997
70,551.710571,307.741821,508.715637,8866.009766,1102.4373779999999,1815.707886,503.299988,893.2898560000001,1439.16272,1313.126221,250.350006,1815.063721,266.616669,569.3136599999999,1903.93042,253.557343,343.350006,284.100006,1338.3516849999999,364.954437,763.199158,401.649994,2735.506348,1147.4609380000002,283.899994,3559.0966799999997,167.084351,278.450012,176.316116,195.562088,193.399994
71,544.209595,300.851715,500.4904480000001,8857.560547,1077.650024,1780.135986,490.14999400000005,889.6124880000001,1438.648071,1279.99939,246.899994,1788.434326,265.47937,550.598572,1872.8292239999998,253.802658,355.700012,274.25,1346.192505,365.501709,750.8494870000001,394.5,2710.618164,1132.233154,281.600006,3588.084961,163.97924799999998,274.399994,174.182877,193.294998,198.899994
72,554.106079,307.93869,506.27300999999994,8968.338867,1114.0314939999998,1816.94812,503.14999400000005,901.191101,1463.4316410000001,1311.793335,258.399994,1807.7244870000002,274.82479900000004,570.787292,1895.5837399999998,254.636734,363.600006,290.0,1370.757202,373.361938,764.935059,393.950012,2753.927734,1139.797241,285.350006,3699.7375490000004,166.295746,276.600006,175.770401,193.73855600000002,206.75
73,546.508301,309.267517,510.859222,9046.84082,1118.529175,1809.6551510000002,500.700012,904.1727289999999,1459.7497560000002,1294.563354,259.799988,1814.5678710000002,277.494934,576.043274,1910.488403,255.716125,363.850006,285.399994,1365.3480220000001,376.396576,763.248779,385.399994,2726.981689,1138.403931,284.100006,3698.0263670000004,166.690048,275.450012,175.522354,193.393555,206.399994
74,537.6280519999999,311.137695,509.31384299999996,9128.734375,1117.529663,1847.8068850000002,517.900024,910.434082,1445.615845,1309.522217,260.549988,1821.5103760000002,277.346588,576.239746,1926.18811,260.965881,358.299988,281.350006,1381.426758,374.207672,779.665344,380.75,2714.635498,1152.58667,284.600006,3703.794922,166.690048,274.450012,177.010666,192.949997,202.050003
75,539.176636,314.18899500000003,506.472412,9097.785156,1113.031982,1832.774414,546.0,910.831665,1450.921021,1331.5410160000001,263.25,1806.7823489999998,285.703094,591.123474,1906.911377,261.35836800000004,353.399994,284.299988,1380.4838869999999,384.505615,773.019348,385.549988,2711.2548829999996,1149.849731,285.600006,3637.8007810000004,165.95074499999998,280.5,178.69743300000002,194.083542,199.0
76,543.89502,307.10202000000004,519.134216,9135.168945,1125.125854,1843.1434329999997,539.5,923.3543699999999,1492.312866,1334.3551029999999,257.299988,1798.7984620000002,280.956207,597.018005,1904.079468,259.837402,355.299988,296.649994,1398.3491210000002,375.799622,780.4093019999999,384.549988,2699.888672,1150.048706,286.0,3645.622314,166.000015,282.350006,180.284973,194.18211399999998,200.550003
77,562.4539179999999,306.560669,513.301819,9037.458984,1130.772949,1841.605469,548.299988,921.8635859999999,1552.589355,1340.42749,254.30000299999998,1813.377686,283.28018199999997,588.028809,1914.065674,257.089874,358.049988,289.350006,1402.964233,370.17804,781.55011,380.100006,2708.462402,1158.657959,286.799988,3662.145264,166.837906,280.950012,179.987305,193.541412,202.149994
78,565.72052,304.542847,511.65679900000003,8978.655273,1147.9141849999999,1844.532593,541.900024,933.094299,1559.369263,1338.205933,251.19999700000002,1825.4774170000003,285.010834,584.8359379999999,1915.804565,255.91236899999998,356.649994,291.899994,1399.143066,380.028229,781.798096,377.799988,2733.2036129999997,1157.314331,293.350006,3646.3066409999997,168.612259,285.350006,181.078751,194.72425800000002,202.800003
79,548.202087,305.477936,518.087402,9070.864258,1169.4532470000001,1851.7758789999998,542.200012,931.504089,1576.096191,1350.103882,249.30000299999998,1855.3300780000002,284.219696,581.986938,1926.3371579999998,259.54303,338.950012,290.399994,1409.16748,385.848785,794.742859,377.200012,2782.588379,1172.343018,289.950012,3713.327637,171.224487,285.100006,180.086533,196.202789,193.5
80,544.427368,303.115631,511.507233,8998.109375,1164.505737,1853.1154789999998,532.549988,937.9146119999999,1566.74292,1343.093384,248.19999700000002,1874.421997,288.472107,585.3762820000001,1935.031616,262.732117,336.899994,289.649994,1434.923096,380.923706,803.0751339999999,381.299988,2805.321045,1169.605957,285.5,3685.9033200000003,174.62532,287.600006,179.391983,201.969101,192.600006
81,544.645081,304.395203,510.360687,8963.131836,1157.359375,1830.343506,518.700012,931.255676,1563.575684,1343.4884029999998,246.25,1861.1816410000001,286.98870800000003,590.9270019999999,1924.747437,270.140625,335.5,292.149994,1440.481079,382.615143,792.8085940000001,384.799988,2804.977783,1165.724365,292.700012,3658.47876,175.758926,285.049988,180.384201,201.969101,190.949997
82,548.153625,313.00784300000004,507.26998899999995,8917.836914,1154.610718,1819.875244,513.5,935.4796140000001,1578.986206,1366.8400880000002,246.25,1849.13147,285.950317,609.64209,1929.616211,271.808777,334.850006,311.700012,1443.359375,384.505615,796.627563,394.950012,2797.580078,1161.29541,291.600006,3646.062256,174.92103600000002,282.850006,181.723679,205.221909,191.449997
83,570.196899,303.60778799999997,503.88021900000007,8879.175781,1153.861084,1799.9311519999999,505.85000599999995,922.3605349999999,1685.761719,1346.4998779999999,241.399994,1816.601074,278.830017,595.691711,1948.495483,270.778473,336.25,308.399994,1454.5251460000002,379.331757,794.098083,400.75,2796.110352,1153.631714,298.350006,3661.265381,171.766647,292.049988,180.929916,204.334793,190.949997
84,572.664978,308.135529,512.653809,8902.854492,1170.00293,1861.0534670000002,506.450012,929.4169919999999,1690.116577,1343.290894,242.69999700000002,1815.956299,276.45651200000003,595.053162,1920.772827,269.993439,333.5,305.0,1440.381958,383.311615,815.871216,403.649994,2796.55127,1173.039673,296.850006,3634.818848,171.07663,289.200012,179.491196,203.89122,188.75
85,558.413086,318.323059,516.093445,8909.830078,1166.204956,1862.0953370000002,505.25,963.804871,1675.4880369999998,1360.076416,240.600006,1838.1226809999998,281.055115,587.7341309999999,1923.703979,270.48407000000003,331.549988,298.049988,1447.776001,389.977936,831.692688,406.100006,2831.531982,1167.565674,287.049988,3636.627686,170.43588300000002,290.100006,181.177979,203.053375,188.25
86,561.800659,320.09481800000003,512.753479,8781.858398,1166.704712,1835.205566,498.39999400000005,964.749084,1716.1968989999998,1342.599731,237.399994,1834.155518,275.81375099999997,575.895935,1905.023315,268.76687599999997,328.649994,290.200012,1448.669312,390.127167,847.365295,419.799988,2841.477539,1159.752686,287.200012,3634.965332,169.351563,290.700012,178.151718,204.236206,185.149994
87,568.9386599999999,346.523285,511.008728,8791.337891,1183.14624,1864.8735350000002,494.549988,969.370544,1752.05603,1330.010498,233.350006,1840.7012940000002,275.66540499999996,568.871582,1918.0402829999998,273.084412,330.299988,291.0,1480.0823970000001,394.455292,852.7218019999999,408.850006,2827.955566,1154.378174,281.450012,3673.0954590000006,169.795151,290.299988,179.739258,203.940506,185.399994
88,573.536072,342.979828,522.673523,8624.458984,1187.9438480000001,1871.174438,538.900024,988.6516109999999,1709.713989,1359.434692,242.649994,1842.585693,284.862488,579.2852780000001,1910.637451,274.016602,336.799988,294.200012,1463.507446,399.430115,854.507324,408.950012,2877.634277,1178.862061,275.350006,3632.1301270000004,168.415115,285.549988,179.342377,204.827637,188.949997
89,580.432129,356.366302,526.561829,8668.524414,1209.732666,1883.4781489999998,518.049988,957.195618,1747.621826,1382.934448,246.30000299999998,1869.1655269999999,281.30233799999996,584.246521,1932.24939,276.175385,340.200012,298.5,1497.749146,404.404968,865.617065,409.549988,2888.608398,1194.4880369999998,278.75,3650.413086,169.598007,283.850006,179.094315,204.679779,191.449997
90,579.657837,348.68875099999997,513.999695,8599.84668,1256.608765,1852.371338,523.450012,967.034973,1730.9938960000002,1383.921875,240.649994,1894.8032230000001,274.033661,564.941895,1957.835815,281.768555,336.0,283.450012,1460.480225,397.887909,855.5983890000001,408.0,2905.510986,1215.986084,275.5,3580.6057130000004,168.02079799999998,280.75,178.300552,202.116974,188.699997
91,571.939087,348.442688,532.8927,8603.040039,1232.7709960000002,1863.186768,532.400024,956.698669,1723.4913329999997,1362.841187,241.80000299999998,1907.101318,278.681641,575.355591,1955.053711,278.922913,333.450012,286.350006,1443.954956,394.803497,856.0943599999999,404.399994,2912.026855,1200.808105,270.149994,3575.521729,171.914505,277.450012,179.292755,203.59552,187.300003
92,567.607849,339.977692,517.190063,8527.288086,1230.921875,1872.0177,520.299988,948.0520630000001,1722.610596,1352.967285,241.94999700000002,1896.340454,279.76947,571.0820309999999,1975.2247309999998,272.299408,334.25,281.899994,1454.028931,406.146179,847.315735,396.600006,2832.266846,1188.615845,270.149994,3578.1613770000004,168.612259,271.75,178.895874,204.77835100000001,187.149994
93,572.664978,342.044708,512.0057370000001,8589.530273,1243.915283,1870.231689,534.950012,965.891968,1696.3026120000002,1370.987061,246.5,1898.274414,286.19754,585.474548,1967.176147,276.616943,335.049988,285.350006,1479.8342289999998,409.081299,878.4626460000001,398.0,2858.281982,1207.177856,274.149994,3573.517578,168.070099,267.649994,182.170181,206.749741,188.199997
94,563.9541019999999,337.9599,509.961884,8621.708984,1240.766846,1853.1154789999998,541.25,961.7177730000001,1702.914307,1347.635376,250.0,1889.1500239999998,305.827881,585.671021,1954.109619,277.058502,332.100006,282.950012,1484.002686,410.275269,858.6238400000001,400.75,2833.4916989999997,1199.9123539999998,272.299988,3575.081543,168.809402,268.549988,181.525238,209.115402,189.600006
95,566.8093259999999,342.389252,504.77752699999996,8561.234375,1247.713257,1857.33252,548.599976,969.3208619999999,1726.668579,1355.732056,248.80000299999998,1880.7198489999998,303.70169100000004,591.860291,1966.4309079999998,276.96038799999997,341.350006,283.350006,1484.8959960000002,410.374786,853.118591,402.600006,2816.3442379999997,1218.325073,270.5,3575.766113,167.77436799999998,267.700012,181.475616,208.671844,196.850006
96,565.0187990000001,339.288696,495.455658,8555.338867,1246.613892,1871.422485,547.650024,974.687744,1708.704468,1346.796143,247.94999700000002,1880.3726809999998,303.602783,583.313171,1977.062866,274.605377,333.350006,279.850006,1483.258301,407.588867,849.498047,412.25,2770.830078,1208.96936,269.799988,3561.9807130000004,165.753586,268.899994,186.68473799999998,204.975479,198.25
97,571.52771,344.456268,470.43112199999996,8585.501953,1264.8045650000001,1879.459595,553.200012,982.439941,1712.5842289999998,1369.55542,250.899994,1905.415161,307.65744,595.98645,1997.8798829999998,278.579468,330.75,286.850006,1495.0196529999998,409.578796,861.99646,385.700012,2759.70874,1283.515991,271.899994,3535.485107,165.16214,270.549988,185.84136999999998,204.236206,194.899994
98,575.689575,339.239441,472.62448099999995,8562.757813,1268.3027339999999,1899.602051,552.25,978.812256,1700.786255,1362.939819,253.350006,1914.043823,306.520172,599.3757929999999,2008.362793,279.119171,324.149994,282.350006,1493.6796880000002,405.748169,843.2487179999999,381.5,2777.591064,1292.3242189999999,271.5,3567.94458,169.302277,269.700012,185.990189,206.059753,190.899994
99,577.1171879999999,340.223785,466.841949,8573.319336,1281.4960939999999,1902.62854,549.450012,973.346008,1723.3924559999998,1358.74353,248.600006,1914.043823,304.591705,613.080566,2026.2485350000002,276.518799,310.25,280.950012,1504.6469730000001,406.69338999999997,841.810486,379.399994,2770.830078,1303.8696289999998,270.399994,3571.757568,167.72508200000001,264.0,187.280075,210.741806,181.100006
100,575.9073490000001,344.013306,470.43112199999996,8545.955078,1281.096313,1911.955566,549.349976,950.586426,1729.8853760000002,1347.5366210000002,243.149994,1899.117432,294.60348500000003,611.115723,2011.5921629999998,280.591064,310.399994,278.549988,1562.411133,401.867798,846.125427,375.350006,2751.674072,1314.5688480000001,274.299988,3496.6218259999996,167.182922,264.700012,185.593307,210.347519,183.5
101,573.43927,339.879272,478.656311,8557.5,1268.352783,1898.4114989999998,539.5,939.355713,1728.469971,1347.092407,243.30000299999998,1859.644531,292.62561,599.32666,2014.52356,273.771301,315.149994,277.049988,1557.498169,395.94775400000003,842.951172,366.549988,2762.354248,1303.521118,277.450012,3475.1613770000004,165.063553,271.399994,187.280075,210.347519,185.300003
102,572.858521,340.02691699999997,463.302643,8363.699219,1293.5898439999999,1911.260986,532.700012,927.677734,1733.250488,1299.450928,239.19999700000002,1841.9907230000001,283.230743,581.102722,2000.1156010000002,276.862244,305.25,270.600006,1592.087158,387.39099100000004,827.625671,361.950012,2721.543457,1300.78418,269.450012,3482.2985840000006,163.97924799999998,266.399994,183.608887,209.608246,180.300003
103,572.3020019999999,328.90429700000004,442.465454,8280.775391,1273.2502439999998,1906.399048,528.700012,926.236633,1760.7559809999998,1297.426758,245.100006,1805.195557,286.44476299999997,566.759399,1979.249023,276.813202,296.549988,266.100006,1567.075928,381.868896,820.037354,360.200012,2665.10376,1293.866943,264.899994,3417.037598,162.007751,269.75,184.154602,209.90396099999998,175.149994
104,577.601135,329.445679,451.637817,8409.730469,1263.755127,1895.4346920000003,523.299988,921.2175900000001,1736.071411,1303.301636,254.149994,1794.980103,287.532623,567.054138,1978.503784,273.575012,307.75,269.5,1563.850342,378.436279,824.15387,361.899994,2754.613525,1280.032593,265.049988,3431.0187990000004,162.648483,278.450012,182.864731,208.129715,178.300003
105,573.584473,328.362946,450.590973,8352.253906,1255.159546,1842.299927,520.349976,906.6574099999999,1730.627686,1310.460205,263.200012,1769.2434079999998,288.472107,529.771179,1954.457397,268.325317,309.25,252.69999700000002,1555.860596,371.620758,825.0962519999999,356.799988,2719.877686,1272.1698,263.25,3404.474121,163.97924799999998,275.799988,174.182877,208.031143,176.050003
106,591.296448,325.311584,460.66058300000003,8262.746094,1274.899414,1856.6875,534.450012,910.434082,1783.946045,1321.7658689999998,268.5,1791.211426,293.960693,538.760376,1973.2871089999999,269.649994,288.950012,250.399994,1549.9552,369.332336,837.396301,371.450012,2681.56543,1284.113159,264.200012,3408.48291,162.697769,279.850006,166.344391,208.72113000000002,168.300003
107,594.659851,334.121124,465.14703399999996,8397.399414,1297.5878910000001,1899.89978,538.450012,916.0991210000001,1776.344727,1326.850952,267.0,1805.046753,293.218964,557.229919,1998.8735350000002,271.950012,294.200012,251.899994,1563.8999019999999,377.988525,850.390747,376.649994,2704.249023,1283.565796,264.950012,3471.4948729999996,162.74705500000002,276.049988,173.98443600000002,208.918274,171.75
108,587.739563,339.190247,498.197388,8553.619141,1300.48645,1902.578735,546.450012,915.35376,1733.963257,1360.2246089999999,272.25,1815.311646,295.938538,565.4822389999999,2029.328979,275.149994,296.200012,253.100006,1569.954346,376.943848,842.7527470000001,374.200012,2735.016357,1313.275024,263.350006,3516.615967,164.96499599999999,284.950012,174.579758,204.08836399999998,172.550003
109,588.780029,333.13681,497.000977,8529.204102,1282.495605,1862.988403,545.900024,911.378235,1743.316406,1362.692993,264.899994,1795.27771,287.433716,565.138367,2019.839478,273.450012,294.600006,253.100006,1560.227661,375.401611,861.7980349999999,378.25,2737.7109379999997,1293.0209960000002,262.950012,3531.7700200000004,163.437073,282.149994,174.083649,204.236206,170.300003
110,587.545959,337.763,493.26226799999995,8454.139648,1301.48584,1874.10144,539.900024,911.726074,1740.871582,1347.980957,266.899994,1778.169434,282.093475,567.9382929999999,2033.8499760000002,271.799988,288.950012,250.30000299999998,1569.6564939999998,372.71521,888.3820189999999,375.899994,2707.433594,1285.805176,260.75,3526.392578,162.944199,288.75,172.595322,206.503311,166.899994
111,596.160034,340.765167,478.706146,8385.708008,1336.318115,1932.891968,543.299988,915.651917,1741.2908940000002,1350.350708,269.200012,1813.476929,282.439606,565.3349,2136.149902,271.600006,282.899994,249.30000299999998,1601.565796,390.22668500000003,916.05719,373.799988,2696.704102,1299.440552,261.899994,3468.1220700000003,164.570679,294.5,175.968857,205.961182,169.75
112,590.522217,336.877167,481.44787599999995,8638.411133,1318.127441,1900.098267,537.150024,923.5034789999999,1728.765991,1354.0040279999998,266.75,1828.204834,286.296448,550.5002440000001,2109.550049,269.75,287.200012,248.19999700000002,1577.795044,385.20205699999997,894.2841189999999,382.600006,2834.9614260000003,1287.397705,260.450012,3542.915771,161.90916399999998,294.149994,171.603119,202.954803,173.600006
113,599.886353,340.299988,477.06112699999994,8597.34082,1303.2849119999998,1882.386597,536.049988,933.5912480000001,1741.041382,1343.142822,263.100006,1817.642334,283.03299,556.9843139999999,2046.550049,268.399994,286.649994,246.30000299999998,1550.500977,375.700134,907.228943,371.850006,2818.646973,1275.75293,260.0,3531.427979,159.592651,292.299988,169.916351,198.765594,171.800003
114,590.981934,336.700012,472.225708,8656.291992,1303.584839,1886.901489,529.799988,942.039124,1717.738159,1317.174438,263.5,1831.874512,280.758423,561.896423,2060.550049,267.299988,285.350006,246.350006,1552.188354,371.72024500000003,894.631348,363.799988,2786.850586,1267.044189,255.399994,3528.1523439999996,158.80406200000002,285.399994,169.817123,196.94206200000002,171.350006
115,597.950562,339.049988,487.380005,8715.880859,1315.328735,1901.0408940000002,530.200012,947.555115,1723.776123,1332.577759,269.899994,1839.4121089999999,280.659515,569.510193,2059.149902,270.600006,295.5,246.30000299999998,1561.0217289999998,373.809692,907.328125,380.350006,2826.436768,1257.787964,259.399994,3557.727783,160.036255,291.049988,169.023376,198.962753,174.899994
116,605.306458,339.600006,487.031067,8758.621094,1307.782593,1889.9276120000002,542.150024,965.4447630000001,1731.1113280000002,1337.1196289999998,269.25,1851.46228,287.730408,590.779602,2064.850098,270.5,305.299988,246.94999700000002,1589.8045650000001,377.491058,911.841492,379.950012,2830.7971190000003,1281.625,264.549988,3575.4729,159.986954,289.049988,171.35505700000002,199.899155,179.800003
117,609.6376339999999,337.600006,526.611694,8789.275391,1318.127441,1875.391479,536.450012,977.371216,1744.68396,1326.653442,272.700012,1825.080688,285.109711,588.962158,2050.100098,267.850006,310.049988,246.149994,1583.05542,377.590546,903.558777,376.75,2817.470947,1271.373657,263.799988,3553.328125,159.24765,289.899994,172.14883400000002,195.66066,186.199997
118,611.23468,335.700012,533.3912349999999,8863.307617,1319.626587,1889.72937,540.099976,976.4270019999999,1747.079102,1325.6660160000001,273.649994,1824.336914,283.57687400000003,578.401062,2045.1500239999998,269.149994,309.850006,245.75,1589.903687,379.679993,909.21283,388.75,2823.938232,1278.838257,264.25,3531.965332,159.29693600000002,287.799988,171.900787,193.294998,185.199997
119,608.9843139999999,332.399994,538.874695,8859.525391,1330.670898,1940.9787600000002,536.799988,989.2976679999999,1777.417969,1346.549316,282.850006,1832.6184079999998,284.07135,569.6083980000001,2044.75,270.0,308.0,244.80000299999998,1628.164917,385.94830299999995,909.064026,381.049988,2828.78833,1278.390259,266.350006,3606.4658200000003,158.902634,283.5,170.015579,192.900711,184.899994
120,617.549988,333.100006,544.009216,8834.569336,1325.573608,1939.434814,539.75,995.956543,1820.531006,1340.032593,287.649994,1815.262207,287.582062,557.524597,2035.25,268.100006,308.149994,243.100006,1608.1660160000001,380.227234,910.006409,376.100006,2849.708252,1276.349976,268.950012,3616.38916,158.015457,283.899994,168.676086,195.66066,185.25
121,619.349976,337.0,557.967102,8817.228516,1332.869873,1960.401978,531.75,1001.323425,1788.645386,1328.3320310000001,282.700012,1818.2869870000002,281.50012200000003,559.3912349999999,2037.1500239999998,267.200012,305.75,240.149994,1601.019775,373.560944,913.7261960000001,376.149994,2831.9729,1285.849976,266.75,3601.9194340000004,156.093262,283.549988,167.187775,196.153503,182.899994
122,640.224976,330.549988,569.332825,8795.956055,1339.766235,1958.1109620000002,528.0,1007.6345210000001,1837.746338,1311.941284,277.549988,1816.700195,279.176086,556.001892,2030.699951,264.5,303.200012,238.75,1609.059082,370.97402999999997,901.3269039999999,377.549988,2815.854248,1281.050049,266.850006,3606.856689,153.82603500000002,279.049988,164.16151399999998,195.66066,180.050003
123,633.25,331.25,569.133423,8836.141602,1313.379883,1959.9039309999998,522.049988,1008.777466,1827.0179440000002,1306.461426,276.850006,1809.75769,289.26324500000004,548.879333,2021.3499760000002,264.149994,308.75,232.30000299999998,1597.8438720000001,368.18807999999996,905.39386,371.25,2843.4372559999997,1276.699951,265.600006,3586.862793,154.46676599999998,274.600006,163.070099,196.054932,183.600006
124,622.025024,330.399994,558.41571,8713.375977,1306.483276,1922.651123,516.75,989.5461429999999,1822.1777339999999,1297.525513,272.399994,1811.69165,288.768799,545.0969240000001,2025.4000239999998,266.149994,304.649994,224.05000299999998,1589.060181,360.825317,885.2078859999999,371.149994,2791.994873,1268.650024,261.649994,3574.104004,153.973892,273.100006,163.56620800000002,195.51281699999998,180.449997
125,621.674988,335.899994,562.304016,8791.4375,1327.0727539999998,1959.7047120000002,519.150024,1013.697144,1822.6269530000002,1290.564453,273.25,1831.378662,290.00494399999997,553.3984379999999,2055.699951,263.75,305.600006,228.75,1590.400024,364.158478,895.375305,372.25,2815.4135739999997,1272.099976,259.799988,3576.450439,154.565338,270.600006,161.532166,196.744934,181.350006
126,623.174988,332.899994,552.932251,8714.998047,1312.780029,1947.054688,513.25,1026.021118,1816.1898190000002,1274.025757,268.700012,1840.00708,294.25735499999996,548.3881230000001,2056.699951,260.799988,306.549988,229.100006,1593.650024,365.004211,876.47876,368.200012,2775.876221,1254.400024,259.0,3550.5417479999996,152.741699,267.75,158.456299,193.048569,180.350006
127,623.224976,335.200012,574.567017,8734.254883,1319.57666,1946.706177,524.650024,1006.093994,1808.156128,1279.160034,273.25,1886.769775,297.52087400000005,550.598572,2081.800049,265.149994,308.149994,228.649994,1607.550049,364.158478,900.830933,374.600006,2773.720703,1268.199951,257.950012,3558.9011229999996,154.66391000000002,265.100006,158.20825200000002,195.019958,181.600006
128,636.150024,334.200012,570.429565,8638.360352,1328.771851,1959.356079,515.150024,997.3976439999999,1816.788574,1252.994385,268.299988,1878.091675,286.247009,548.6828,2093.949951,262.549988,289.850006,230.25,1614.25,359.133911,896.6647949999999,373.600006,2743.1982420000004,1254.050049,257.450012,3505.176514,152.544556,259.049988,155.47966,192.210724,168.75
129,638.924988,335.899994,571.227112,8793.598633,1330.071289,1975.6417239999998,514.049988,972.7000119999999,1848.973755,1253.4880369999998,267.149994,1897.679321,284.81304900000003,539.693604,2093.050049,264.200012,277.350006,231.600006,1621.5,361.52182,891.060303,380.149994,2753.143799,1273.699951,257.25,3488.018311,153.03743,264.5,156.819153,188.711502,165.899994
130,634.599976,335.100006,573.22113,8745.0625,1324.074341,1957.762451,507.60000599999995,965.2999880000001,1856.05957,1219.521851,261.649994,1891.331909,275.81375099999997,533.700867,2111.649902,262.399994,271.200012,229.75,1608.849976,362.865051,884.166321,374.75,2709.736084,1265.25,255.850006,3459.127197,151.115219,266.450012,154.933945,185.409424,161.850006
131,644.424988,329.200012,563.550293,8627.40625,1337.41748,1960.152954,504.950012,944.7000119999999,1843.5847170000002,1220.4105220000001,256.850006,1863.6115719999998,268.14950600000003,538.416504,2132.899902,260.049988,263.899994,230.0,1604.150024,360.228333,899.9381710000001,376.350006,2663.4379879999997,1267.449951,257.0,3435.467285,153.82603500000002,260.5,152.850311,182.25518799999998,157.649994
132,653.375,339.600006,558.86438,8666.952148,1341.1157230000001,1931.6656489999998,510.39999400000005,972.9500119999999,1843.484741,1255.2653810000002,259.299988,1891.679077,272.451385,557.868469,2108.050049,266.049988,269.299988,235.75,1641.849976,370.128296,889.572388,381.0,2754.5153809999997,1264.099976,261.399994,3394.5996090000003,157.17756699999998,264.399994,156.96798700000002,183.98014799999999,158.699997
133,667.224976,337.0,561.8553469999999,8673.240234,1337.817261,1937.890991,512.599976,961.0499880000001,1851.86792,1240.010132,259.100006,1878.5378420000002,274.379791,551.089783,2073.199951,263.049988,267.25,238.69999700000002,1644.199951,361.372589,880.099365,367.149994,2781.951416,1293.5,260.950012,3337.4536129999997,151.41095,260.850006,154.636292,182.600189,158.600006
134,676.825012,336.799988,571.9250490000001,8822.484375,1351.860229,1941.3771969999998,512.0,971.599976,1872.1271969999998,1236.554321,257.75,1867.9753420000002,269.929596,556.542175,2070.449951,265.149994,269.5,230.94999700000002,1642.75,360.72583,885.158264,370.200012,2807.32959,1291.900024,261.75,3376.463379,152.84028600000002,261.0,156.620712,181.860916,158.050003
135,672.299988,335.5,577.308777,9059.56543,1365.653076,1967.125366,514.299988,990.0499880000001,1865.889771,1243.5153810000002,257.5,1907.051636,270.176849,558.900024,2103.0,264.450012,267.0,228.149994,1676.150024,358.437408,891.2587279999999,366.450012,2918.199951,1291.550049,262.75,3391.0798340000006,150.819504,264.149994,154.735504,180.38237,157.600006
136,642.25,348.799988,563.9989009999999,9175.304688,1363.50415,1955.9196780000002,510.89999400000005,965.0,1877.915405,1237.689819,256.600006,1915.729736,268.594513,553.5,2123.350098,272.299988,261.5,221.100006,1684.0999760000002,359.880127,903.161987,363.450012,2969.800049,1321.849976,265.0,3424.565918,149.93232700000002,270.149994,155.132401,179.002396,153.399994
137,642.25,352.399994,556.7707519999999,9142.095703,1369.950928,1951.13855,514.25,976.5,1909.451904,1250.67395,257.450012,1900.0100100000002,267.01223799999997,554.150024,2114.050049,272.299988,271.149994,219.5,1678.949951,364.257996,917.495544,361.850006,3023.350098,1322.800049,263.0,3555.57666,148.108688,271.299988,154.437836,178.65741,156.850006
138,649.575012,361.899994,567.737671,9205.616211,1384.993164,1946.905273,523.650024,995.650024,1883.8535160000001,1270.2735599999999,261.350006,1894.0096440000002,268.248383,556.849976,2121.300049,274.25,273.350006,226.399994,1694.0999760000002,365.153442,925.3814699999999,361.549988,3017.949951,1364.0,265.100006,3541.400146,148.946579,271.049988,156.124603,181.81163,157.699997
139,651.25,371.25,560.7088620000001,9364.389648,1371.75,1926.4859620000002,532.549988,1025.75,1873.2248539999998,1268.298828,263.5,1923.267334,270.374603,568.599976,2147.100098,276.25,275.399994,225.94999700000002,1687.25,368.735352,923.595947,367.350006,3089.050049,1369.449951,271.100006,3512.0205079999996,151.65739399999998,278.0,156.620712,181.51591499999998,158.350006
140,660.174988,371.350006,559.113647,9225.020508,1382.199951,1907.311768,536.599976,1036.349976,1975.61853,1258.968018,258.899994,1912.357666,265.874969,555.849976,2146.550049,275.649994,267.850006,218.0,1714.0999760000002,371.372009,923.099976,361.899994,3154.350098,1358.300049,272.850006,3500.6999509999996,150.622345,265.25,156.422256,180.234528,154.899994
141,647.299988,374.799988,562.004944,9184.099609,1393.599976,1927.780884,537.25,1082.199951,1967.035889,1283.356445,262.75,1945.63208,269.38568100000003,556.299988,2165.199951,276.75,266.5,211.350006,1739.050049,367.49163799999997,917.5499880000001,361.799988,3101.899902,1357.25,279.5,3498.0500490000004,151.706665,265.200012,157.811371,180.185242,152.300003
142,654.549988,376.399994,557.4686280000001,9269.332031,1404.849976,1915.87793,523.900024,1096.75,1977.265259,1277.77771,257.600006,1956.690552,265.083771,558.150024,2180.699951,270.399994,264.149994,210.600006,1741.1500239999998,368.237854,908.400024,358.049988,3134.0,1368.5,280.700012,3460.600098,150.523773,267.75,153.396027,179.051682,150.300003
143,666.525024,379.0,531.347412,9213.917969,1408.349976,1915.7286379999998,523.099976,1076.150024,1984.800049,1266.422729,251.75,1975.187256,256.43060299999996,519.299988,2169.350098,271.5,251.55000299999998,205.800003,1753.8499760000002,358.337921,900.400024,346.200012,3101.75,1358.599976,283.100006,3423.850098,153.481018,261.549988,152.70146200000002,178.75598100000002,142.75
144,663.700012,380.75,547.149719,9285.936523,1402.699951,1897.6500239999998,538.049988,1091.699951,1997.8499760000002,1271.804077,259.25,1973.699585,263.35318,532.5,2176.699951,269.799988,257.600006,210.149994,1683.75,365.302704,921.099976,342.25,3095.25,1377.900024,284.149994,3479.5500490000004,153.13601699999998,264.700012,154.88433799999999,178.706696,143.550003
145,661.200012,383.799988,547.897461,9204.879883,1402.050049,1892.3499760000002,524.200012,1090.550049,1997.300049,1272.890259,259.0,1991.75,259.694122,504.700012,2176.050049,268.299988,251.94999700000002,203.800003,1643.800049,362.268036,902.25,336.799988,3105.050049,1391.400024,284.100006,3501.5,152.889572,264.0,159.051636,175.996033,137.949997
146,658.275024,391.200012,543.460815,9224.235352,1350.25,1889.050049,527.299988,1103.900024,1981.449951,1239.713989,260.149994,1989.300049,258.309601,499.75,2185.699951,272.899994,252.44999700000002,208.300003,1648.099976,367.292633,910.650024,345.049988,3112.800049,1399.449951,285.25,3458.899902,152.298126,261.5,160.143051,174.71461499999998,139.649994
147,674.174988,386.649994,558.21637,9222.613281,1333.449951,1902.300049,534.450012,1128.550049,1995.949951,1253.3398439999999,260.950012,1975.199951,263.056488,503.450012,2190.100098,273.450012,253.399994,202.600006,1656.199951,368.038849,909.5499880000001,345.549988,2841.100098,1396.900024,283.049988,3373.149902,153.086716,263.149994,156.620712,173.679642,140.800003
148,677.875,387.549988,559.711853,9527.586914,1336.199951,1938.9000239999998,540.799988,1120.150024,2005.050049,1263.361938,266.399994,1966.5999760000002,273.350006,516.849976,2157.75,283.850006,258.25,211.55000299999998,1686.5999760000002,382.11764500000004,907.7000119999999,357.600006,2689.100098,1433.699951,276.049988,3163.899902,155.896103,262.299988,155.281219,174.418915,142.0
149,688.0,384.299988,560.808533,9648.630859,1313.349976,1946.9000239999998,546.0,1110.550049,1996.8499760000002,1305.869019,266.700012,1979.199951,274.5,526.700012,2160.600098,284.25,259.200012,216.149994,1668.0,389.53018199999997,920.400024,356.399994,2650.800049,1466.699951,273.350006,3101.449951,155.008926,266.149994,155.876556,175.404602,142.949997
150,691.849976,383.450012,556.7707519999999,9587.077148,1314.800049,1965.449951,531.849976,1114.050049,1979.4000239999998,1303.400513,271.450012,2000.4000239999998,274.600006,534.549988,2173.699951,286.049988,257.299988,218.94999700000002,1655.349976,395.5,909.4500119999999,351.850006,2638.800049,1450.300049,274.649994,3111.949951,148.798706,264.149994,157.761749,173.137497,141.350006
151,687.599976,369.600006,553.82959,9232.34082,1309.599976,1957.0,541.650024,1110.349976,1963.300049,1289.577026,286.700012,2023.800049,285.799988,534.950012,2189.350098,287.149994,258.5,217.30000299999998,1668.300049,400.0,913.2999880000001,357.600006,2619.25,1432.5,272.549988,3137.699951,151.263077,264.700012,160.887222,180.135941,142.699997
152,687.275024,369.899994,555.275208,9152.560547,1311.0,1975.800049,553.650024,1129.599976,1943.0999760000002,1294.8596189999998,286.600006,2044.449951,293.299988,549.450012,2203.399902,302.200012,267.700012,219.80000299999998,1657.550049,394.25,909.75,364.450012,2678.050049,1433.25,274.5,3193.800049,152.445984,261.950012,160.043854,177.03100600000002,149.100006
153,676.575012,369.049988,561.506409,9216.621094,1304.650024,1966.0,568.450012,1149.699951,1944.949951,1279.456299,297.350006,2028.050049,307.25,552.599976,2172.25,301.100006,267.299988,224.75,1689.0,390.700012,932.7000119999999,383.149994,2668.949951,1430.800049,273.450012,3205.0,153.62889099999998,262.5,162.82203700000002,180.530212,147.199997
154,682.5,367.899994,564.946106,9340.171875,1309.349976,1994.4000239999998,550.099976,1185.849976,1941.25,1286.170532,293.399994,1994.75,303.950012,562.849976,2181.050049,297.200012,264.149994,222.25,1731.5999760000002,400.100006,933.900024,390.700012,2700.699951,1448.300049,276.799988,3293.800049,152.938858,261.700012,164.211136,179.59381100000002,144.199997
155,676.875,366.0,574.068542,9176.975586,1314.400024,2003.4000239999998,544.900024,1191.150024,1975.0999760000002,1281.282959,295.100006,1970.050049,299.049988,554.650024,2157.350098,301.700012,264.950012,218.149994,1733.0999760000002,398.75,927.75,383.649994,2685.649902,1437.75,276.950012,3272.0,153.13601699999998,270.299988,165.401779,181.417358,143.600006
156,677.700012,361.75,577.757385,8996.585938,1281.0,2021.550049,546.099976,1168.349976,1950.6500239999998,1265.6329349999999,294.0,1932.6500239999998,297.850006,554.5,2129.25,299.049988,260.950012,214.149994,1749.0,399.0,911.0,372.950012,2679.5,1418.449951,279.049988,3266.75,153.18528700000002,273.200012,164.707245,185.50798,143.800003
157,682.049988,372.450012,583.091309,9027.682617,1309.199951,2015.8499760000002,574.349976,1176.75,1977.3499760000002,1275.0623779999999,298.600006,1974.3499760000002,304.799988,555.099976,2121.0,303.75,258.75,221.850006,1759.449951,399.75,919.599976,374.700012,2688.649902,1411.349976,278.149994,3246.100098,154.220322,278.5,165.50100700000002,186.88797,142.649994
158,680.400024,377.350006,573.869141,9124.951172,1282.349976,1994.5999760000002,596.5,1191.5,1976.3499760000002,1274.914307,308.549988,1975.5999760000002,315.049988,553.400024,2115.199951,301.600006,254.69999700000002,224.0,1730.5,397.75,933.0499880000001,386.200012,2688.100098,1396.800049,276.700012,3296.949951,154.31890900000002,282.850006,167.882324,186.838684,140.699997
159,684.700012,381.299988,567.837341,9232.488281,1283.5,1995.199951,592.049988,1183.550049,1968.0999760000002,1279.3082279999999,304.0,1972.0,313.100006,573.400024,2132.149902,301.049988,251.850006,226.80000299999998,1730.4000239999998,371.950012,926.2999880000001,381.350006,2683.850098,1419.599976,277.299988,3301.800049,156.339691,275.399994,165.798676,186.395126,140.25
160,681.450012,382.700012,570.828308,9048.462891,1290.349976,2002.25,596.400024,1217.25,1974.5999760000002,1281.381714,308.649994,1980.800049,318.200012,577.650024,2136.850098,300.399994,255.0,224.75,1753.4000239999998,374.200012,928.0499880000001,384.600006,2658.0,1425.199951,278.25,3298.399902,155.896103,276.25,170.561295,186.838684,142.300003
161,690.150024,381.25,568.983887,8996.291992,1277.699951,1985.050049,619.450012,1217.949951,1974.550049,1270.1254880000001,316.450012,1977.550049,332.950012,585.099976,2118.649902,301.850006,257.5,230.5,1753.5,376.899994,933.25,366.75,2660.75,1415.300049,278.899994,3275.149902,158.11402900000002,280.149994,167.584656,189.992905,143.25
162,692.599976,383.0,551.935242,8991.329102,1286.800049,1981.050049,615.650024,1204.0,1993.8499760000002,1248.946045,304.450012,1975.4000239999998,328.149994,575.549988,2115.0,304.700012,250.25,223.649994,1748.699951,378.450012,945.0,369.100006,2631.25,1418.099976,279.049988,3321.399902,157.276154,276.0,167.931931,187.577957,140.050003
163,704.724976,371.100006,561.0578,8931.297852,1287.550049,1993.3499760000002,605.299988,1187.150024,2000.5,1252.550049,294.799988,1946.199951,325.25,569.200012,2090.649902,305.899994,248.55000299999998,216.05000299999998,1732.9000239999998,377.350006,954.0499880000001,368.950012,2632.550049,1398.400024,282.700012,3305.600098,155.797531,279.25,164.856064,185.21228,136.350006
164,704.375,381.75,599.84082,9049.849609,1291.599976,1998.0999760000002,618.299988,1210.949951,2001.25,1253.5,294.700012,1941.6500239999998,332.299988,578.900024,2089.149902,307.25,248.69999700000002,215.100006,1747.0999760000002,373.350006,952.0499880000001,366.5,2645.550049,1395.550049,284.399994,3263.0,154.71319599999998,281.5,165.05452,184.522293,135.399994
165,712.650024,378.700012,617.736816,9201.950195,1244.900024,1983.1500239999998,623.849976,1200.199951,2008.75,1232.949951,292.700012,1890.9000239999998,334.450012,568.099976,2075.600098,306.799988,251.149994,208.550003,1735.199951,369.950012,949.2000119999999,372.049988,2667.149902,1392.349976,279.850006,3286.100098,155.994675,282.450012,162.82203700000002,184.62086499999998,134.600006
166,715.674988,392.950012,621.4257200000001,9148.299805,1262.949951,1989.6500239999998,627.099976,1203.449951,2011.8499760000002,1240.300049,302.0,1883.5999760000002,340.049988,580.599976,2077.25,313.75,257.350006,215.0,1780.800049,373.950012,961.0,371.25,2660.899902,1399.800049,279.600006,3248.600098,155.69894399999998,281.200012,161.829834,184.522293,136.0
167,692.599976,393.850006,622.821533,9075.900391,1271.949951,1989.699951,624.200012,1234.900024,2010.4000239999998,1323.949951,307.549988,1920.050049,338.350006,599.400024,2097.100098,313.100006,269.549988,221.80000299999998,1775.4000239999998,377.549988,968.400024,370.399994,2734.0,1408.900024,284.299988,3305.050049,156.241119,284.200012,167.237381,184.768723,143.800003
168,692.150024,391.0,633.339783,9105.049805,1263.599976,1975.5999760000002,636.200012,1246.5,2013.6500239999998,1322.150024,306.899994,1912.699951,338.899994,582.25,2094.850098,312.75,269.049988,219.19999700000002,1752.4000239999998,377.450012,957.5499880000001,367.75,2727.550049,1402.150024,288.5,3309.600098,158.902634,291.549988,168.42803999999998,184.571579,144.649994
169,699.599976,388.299988,637.178162,9223.599609,1248.150024,1957.9000239999998,631.799988,1269.699951,2035.449951,1352.5,302.25,1906.0999760000002,336.899994,571.5,2081.399902,311.350006,257.399994,214.80000299999998,1771.9000239999998,383.799988,961.650024,369.25,2685.949951,1393.900024,289.5,3280.899902,162.155609,288.600006,170.41246,187.282242,140.350006
170,689.974976,374.649994,627.756653,9163.400391,1254.800049,1927.25,639.599976,1278.050049,2042.199951,1342.800049,300.299988,1918.699951,330.100006,575.450012,2070.550049,310.350006,255.600006,223.94999700000002,1781.75,376.200012,968.7999880000001,368.5,2677.350098,1392.5,292.299988,3212.600098,161.90916399999998,290.399994,173.537918,188.120087,139.300003
171,707.450012,383.100006,619.930176,9249.349609,1274.449951,1948.3499760000002,650.049988,1291.599976,2051.649902,1356.150024,308.25,1923.949951,339.899994,581.049988,2079.75,313.450012,258.899994,225.44999700000002,1791.6500239999998,378.950012,977.650024,378.350006,2701.5,1399.599976,296.5,3223.850098,163.732803,292.600006,174.827805,194.970673,140.449997
172,712.174988,371.350006,619.3320309999999,9418.349609,1284.550049,1933.4000239999998,660.599976,1318.199951,2065.550049,1355.800049,304.950012,1952.449951,338.850006,589.349976,2096.899902,311.5,260.299988,230.399994,1770.800049,387.299988,978.5,376.450012,2688.399902,1407.400024,295.899994,3231.899902,165.852158,294.649994,173.190659,193.98498500000002,139.199997
173,705.174988,366.0,618.833557,9364.0,1287.550049,1907.1500239999998,656.549988,1294.449951,2065.800049,1351.400024,309.649994,1950.1500239999998,340.649994,594.049988,2078.449951,312.700012,261.600006,227.899994,1759.0,385.600006,981.650024,374.850006,2689.199951,1392.0,296.950012,3239.850098,163.634232,287.049988,175.91925,190.929321,140.350006
174,708.75,361.899994,637.5769650000001,9212.400391,1276.050049,1876.199951,649.549988,1274.099976,2079.449951,1349.550049,308.149994,1933.6500239999998,344.399994,608.299988,2067.149902,319.200012,259.649994,229.80000299999998,1771.3499760000002,383.299988,982.400024,382.600006,2701.800049,1375.949951,298.850006,3221.350098,166.78862,285.549988,176.365738,193.147125,138.550003
175,720.0,343.399994,650.238831,9097.25,1285.349976,1903.8499760000002,649.200012,1240.949951,2078.199951,1369.099976,308.850006,1931.5,342.649994,601.650024,2062.25,319.149994,267.100006,227.19999700000002,1780.5999760000002,383.350006,965.25,383.350006,2746.350098,1371.099976,301.649994,3253.100098,168.415115,286.100006,178.548599,197.73062099999999,142.199997
176,716.724976,339.600006,653.977539,8924.0,1270.050049,1896.550049,631.75,1230.400024,2054.949951,1364.300049,306.399994,1939.6500239999998,334.049988,600.5,2074.300049,312.75,266.700012,228.19999700000002,1699.050049,384.649994,945.9500119999999,384.25,2765.149902,1359.449951,309.149994,3242.649902,166.690048,287.450012,175.671188,191.964294,144.100006
177,735.650024,334.100006,652.182983,8873.650391,1259.699951,1851.800049,640.5,1242.349976,2093.199951,1359.5,296.600006,1955.050049,328.299988,593.049988,2052.0,309.649994,262.049988,224.44999700000002,1651.400024,372.75,931.650024,377.75,2731.949951,1312.050049,313.549988,3185.75,165.507141,279.950012,172.94261200000003,191.12645,142.649994
178,729.799988,343.899994,661.4051509999999,8890.900391,1238.550049,1856.0,637.400024,1225.800049,2078.149902,1348.300049,296.75,1939.8499760000002,329.950012,593.900024,2044.1500239999998,310.200012,265.549988,229.55000299999998,1611.0,378.450012,930.25,372.600006,2768.699951,1317.300049,318.049988,3148.199951,165.309998,277.5,172.446503,192.112152,142.899994
179,727.950012,339.0,674.6152950000001,8772.299805,1260.349976,1881.0,639.049988,1260.150024,2075.699951,1346.599976,296.649994,1954.5,328.450012,600.450012,2056.550049,310.700012,269.950012,229.30000299999998,1608.050049,384.350006,934.9500119999999,372.25,2783.300049,1314.650024,320.450012,3161.0,168.600006,283.200012,173.289871,196.350647,144.399994
180,733.150024,323.450012,662.202698,8732.549805,1247.949951,1876.25,645.150024,1276.75,2079.699951,1348.75,291.850006,1924.9000239999998,335.049988,619.0,2057.850098,310.399994,277.5,231.05000299999998,1638.949951,377.100006,973.4500119999999,390.799988,2924.0,1317.349976,324.049988,3327.449951,169.449997,285.75,170.809341,192.949997,148.050003
181,731.950012,323.75,637.5769650000001,8648.150391,1225.150024,1828.5999760000002,651.549988,1257.150024,2081.199951,1339.599976,285.0,1883.800049,333.049988,613.5,2042.4000239999998,306.200012,275.549988,223.100006,1610.550049,371.75,938.0,388.299988,2866.550049,1292.449951,324.899994,3278.350098,168.949997,280.149994,167.336594,193.050003,146.850006
182,734.25,316.700012,629.1524049999999,8512.849609,1206.400024,1829.1500239999998,650.5,1238.449951,2045.949951,1329.900024,282.299988,1865.5,326.600006,592.299988,2000.199951,297.25,267.200012,219.399994,1591.449951,364.700012,940.4500119999999,379.850006,2831.050049,1295.849976,323.350006,3178.0,169.550003,282.799988,166.493225,186.850006,142.75
183,742.700012,314.450012,647.895813,8502.099609,1231.599976,1825.199951,635.549988,1252.699951,2043.75,1350.849976,285.450012,1877.300049,323.100006,605.5,2018.449951,306.5,262.649994,223.75,1627.949951,376.149994,937.0499880000001,375.0,2871.199951,1291.75,328.649994,3164.199951,169.899994,281.299988,167.187775,193.199997,142.449997
184,735.200012,323.100006,663.099976,8632.849609,1237.5,1873.5999760000002,636.25,1252.800049,2063.300049,1358.900024,290.399994,1926.25,328.149994,615.349976,2029.199951,306.950012,266.450012,235.5,1630.150024,380.049988,950.5,383.649994,2878.149902,1331.0,330.149994,3186.949951,175.0,277.299988,171.553497,200.100006,144.100006
185,726.549988,318.600006,646.150024,8533.5,1229.900024,1877.300049,626.049988,1226.25,2071.600098,1344.25,285.600006,1878.5999760000002,325.450012,615.650024,1992.449951,301.899994,260.200012,234.649994,1604.050049,381.450012,947.2000119999999,382.399994,2857.100098,1305.300049,329.149994,3132.199951,172.600006,274.799988,170.41246,201.5,141.0
186,719.150024,323.149994,642.299988,8400.099609,1216.25,1861.449951,608.450012,1217.199951,2070.0,1328.699951,274.0,1856.1500239999998,318.700012,612.450012,1993.3499760000002,302.600006,251.44999700000002,230.100006,1666.150024,377.549988,947.2999880000001,373.549988,2775.899902,1291.150024,332.5,3111.649902,169.699997,273.450012,172.0,198.649994,137.550003
187,720.400024,318.5,647.299988,8207.0,1227.0,1804.5999760000002,609.200012,1210.300049,2076.899902,1332.25,271.399994,1831.1500239999998,320.850006,620.450012,1961.949951,299.649994,252.69999700000002,230.0,1648.900024,372.950012,947.2999880000001,369.700012,2795.300049,1289.349976,332.75,3142.350098,169.100006,280.549988,176.649994,198.149994,137.050003
188,706.299988,227.05000299999998,635.5,8039.549805,1179.650024,1761.699951,599.400024,1216.849976,2103.800049,1331.75,270.049988,1835.25,317.799988,624.549988,1968.8499760000002,303.75,250.19999700000002,229.69999700000002,1621.650024,362.0,957.2000119999999,372.399994,2795.649902,1303.099976,337.350006,3165.699951,167.350006,275.649994,180.100006,200.199997,131.850006
189,717.299988,226.25,623.700012,7795.850098000001,1149.400024,1674.650024,597.549988,1232.300049,2198.699951,1318.400024,264.549988,1721.050049,308.75,606.599976,1926.25,297.899994,240.25,229.649994,1591.0,345.75,895.400024,357.5,2756.350098,1265.849976,332.600006,3105.600098,168.300003,281.450012,180.100006,198.449997,128.050003
190,726.5,219.850006,639.799988,8003.299805,1182.5,1693.0999760000002,615.25,1230.599976,2183.100098,1318.849976,270.25,1771.75,310.149994,599.950012,1951.699951,301.049988,240.899994,230.69999700000002,1634.300049,338.700012,893.4500119999999,360.100006,2787.949951,1290.949951,329.5,3107.699951,169.800003,275.200012,182.0,192.350006,127.5
191,717.799988,223.649994,639.849976,7844.399901999999,1169.75,1700.5999760000002,615.900024,1251.75,2141.449951,1332.699951,264.0,1766.199951,312.5,609.049988,1967.3499760000002,293.0,233.30000299999998,241.55000299999998,1610.699951,338.299988,890.9500119999999,360.899994,2775.699951,1280.550049,319.899994,3104.5,167.699997,272.5,180.5,193.0,123.300003
192,724.150024,203.199997,629.700012,7556.049805,1144.449951,1679.449951,598.700012,1252.900024,2187.800049,1308.650024,265.0,1729.699951,306.649994,609.900024,1977.949951,293.25,225.55000299999998,240.399994,1618.849976,334.649994,876.150024,356.100006,2782.5,1286.599976,320.600006,3091.600098,167.600006,276.299988,176.0,194.800003,118.75
193,727.849976,183.449997,623.349976,7350.549805,1143.5,1687.050049,612.349976,1258.199951,2184.5,1266.650024,265.0,1755.5,305.0,580.349976,2005.6500239999998,296.700012,223.44999700000002,231.75,1607.650024,328.450012,860.7000119999999,338.25,2687.100098,1294.050049,324.200012,2932.149902,166.600006,266.850006,177.25,188.449997,116.5
